pid,Boredom,Fatigue,Hunger,Low intrinsic motivation,Phone pull,Stress,Task aversiveness,Time-on-task (vigilance)
P01,0.07599653933825688,0.03617974649994848,0.04447645517292162,0.17236871611141774,0.3002114294617355,0.1188255580841323,0.2157039106170222,0.03623764471456523
P02,0.12332272360200264,0.0718448907463531,0.049211993438265794,0.16889338881181334,0.19278247298398715,0.12506179663098205,0.21426119220682158,0.05462154157977439
P03,0.07405346349254897,0.05153340264629959,0.036957245813243514,0.1440843463431719,0.295308555667211,0.12653066426106702,0.23316405409417448,0.03836826768228357
P04,0.045932582281678444,0.05170844137404774,0.03783854806479156,0.15722534460762785,0.33589066238041815,0.13880324424579474,0.2113884465511888,0.021212730494452877
P05,0.053293134031760225,0.042791954584706686,0.04613757870748837,0.16023716706763588,0.3504494385470417,0.11689341684344196,0.1912648965769466,0.038932413640978616
P06,0.11298427782119069,0.09149442063951573,0.04100848556262782,0.1737738473280787,0.2442568970623705,0.10219194094112538,0.19284743444107416,0.04144269620401695
P07,0.120735397757753,0.03945470626322536,0.039718459843105236,0.166039381751754,0.309752165449379,0.10201554593855446,0.18636927318371796,0.03591506981251096
P08,0.06554438478934124,0.0458642716896012,0.048164090447215,0.11573441103035574,0.3307564262578058,0.14056611626209703,0.20522672175682674,0.048143577766757185
