n_train_people,roc_auc
3,0.7343688035607016
7,0.7445908982704198
15,0.7534165430565082
22,0.7538793318716954
30,0.7537579275957043
