construct,real_coef,odds_ratio,p_value,sim_expected_sign,sign_matches_sim
boredom,0.17540639454811993,1.1917304309646302,8.136455879923735e-08,1,True
fatigue,0.11374264148385634,1.1204637268927593,0.00012410064298185966,1,True
effort,-0.10652988043593296,0.8989481867962161,0.0003861572597353437,1,False
low_intrinsic,0.0893810372317234,1.0934972401155938,0.008093233967287089,1,True
stress,0.05811400883825405,1.0598358194731865,0.1105139862259252,1,True
low_mood,0.04663813429466673,1.0477427982853935,0.22118685222353107,1,True
