feature,true_beta,recovered_beta,true_rank,recovered_rank
urge,2.184,2.158211928599463,1,1
boredom,2.016,1.860813867181945,2,2
focus_reserve,-1.584,-1.6773350230115969,3,3
aversive,1.416,1.5137132758792096,4,4
low_intrinsic,1.272,1.100275247355048,5,6
fatigue,1.128,0.9952946655789151,6,8
stress,0.984,0.9983496137386838,7,7
vigilance,0.816,1.179036907422368,8,5
hunger,0.6,0.6347309666364728,9,9
low_mood,0.456,-0.09867108283343304,10,10
