feature,true_beta,recovered_beta,true_rank,recovered_rank
urge,2.184,2.1512502900800254,1,1
boredom,2.016,1.612485372119681,2,3
focus_reserve,-1.584,-1.823099671205678,3,2
aversive,1.416,1.3438942930102349,4,5
low_intrinsic,1.272,1.412117501323595,5,4
fatigue,1.128,1.1579719351176767,6,7
stress,0.984,1.1773729698276072,7,6
vigilance,0.816,1.0302790480074793,8,8
hunger,0.6,0.7803495840838479,9,9
low_mood,0.456,-0.43572166875322854,10,10
